<Cannons>
	<Cannon name="7.5 cm Gebirgskanone">
		<caliber>75</caliber>
	</Cannon>
	<Cannon name="De Bange 155 mm">
		<caliber>155</caliber>
	</Cannon>
	<Cannon name="46 cm/45 Type 94">
		<caliber>460</caliber>
	</Cannon>
	<Cannon name="Hirtenberger M6C-210">
		<caliber>60</caliber>
	</Cannon>
	<Ammo name="Old.75mm.350m|c">
		<caliber>75</caliber>
		<vel>350</vel>
	</Ammo>
	<Ammo name="FA.155mm.561m|c">
		<caliber>155</caliber>
		<vel>561</vel>
	</Ammo>
	<Ammo name="Old.460mm.780m|c">
		<caliber>460</caliber>
		<vel>780</vel>
	</Ammo>
	<Ammo name="Mortar mine">
		<caliber>60</caliber>
		<vel>140</vel>
	</Ammo>
</Cannons>
